u,freq,residu Q,relative error u,relative error w
0.1426921869851644,143.99845753573405,1,0,0
0.07304139416001874,-1250.12266101373,1,0,0
