u,freq,residu Q,relative error u,relative error w
0.0003242076401632404,158.37648557225424,1,0,0
0.0003242072376854527,158.37648557225646,1,0,0
