u,freq,residu Q,relative error u,relative error w
1.3538746986792156e-11,727.4998933158677,1,0,0
