u,freq,bifurcation
0.0011592826516060634,158,False
0.0013035601945720302,158.5999989660827,False
