u,freq,bifurcation
0.0012884975797177638,158.5995015608154,False
0.0014763283354642769,159.31838925785084,False
