u,freq,bifurcation
0.0012884975797177638,158.5995015608154,False
0.0014764773599298738,159.3188876733766,False
