u,freq,bifurcation
0.0011592826516060634,158,False
0.0013034272878460706,158.59950136863225,False
