u,freq,bifurcation
0.0012888186232521243,158.59950032202502,False
0.0014957280100773573,159.31925756067315,False
