u,freq,bifurcation
0.0012673171043135812,158.49999930471932,False
