u,freq,bifurcation
0.001267049132382801,158.49999930816293,False
0.0014191170496898053,159.04999808656615,False
0.0016254401148715978,159.6549960514553,False
0.0019098946727276243,160.32049254769655,False
