u,freq,bifurcation
0.0011592826516060634,158,False
0.0012773248126649545,158.49999917588582,False
0.001434229132317769,159.04999785358623,False
0.0016480306829162303,159.6549956236818,False
