u,freq,bifurcation
1.275574931560207e-05,162.76400215853948,False
