u,freq,bifurcation
4.95142975913196e-05,727.4999999997285,False
