u,freq,bifurcation
1.2323368905665534e-05,162.7640064753397,False
